{
  "id": "drupal-8",
  "apps": [
    {
      "id": "mysql",
      "container": {
        "type": "DOCKER",
        "docker": {
          "image": "mysql:5.5",
          "network": "BRIDGE"
        }
      },
      "env": {
        "SERVICE_NAME": "mysql",
        "SERVICE_TAGS": "drupal8",
        "MYSQL_DATABASE": "drupal8",
        "MYSQL_USER": "drupal8",
        "MYSQL_PASSWORD": "drupal8",
        "MYSQL_ROOT_PASSWORD": "password"
      },
      "cpus": 1,
      "mem": 1024.0,
      "instances": 1
    },
    {
      "id": "drupal8",
      "container": {
        "type": "DOCKER",
        "docker": {
          "image": "drupal:8",
          "network": "BRIDGE",
          "portMappings": [{
            "containerPort": 80,
            "hostPort": 0,
            "protocol": "tcp"
          }]
        }
      },
      "env": {
        "SERVICE_NAME": "drupal8",
        "DRUPAL_DB_PASSWORD": "password",
        "DRUPAL_DB_NAME": "drupal8",
        "DRUPAL_DB_HOST": "drupal8.mysql.service.consul"
      },
      "cpus": 1,
      "mem": 512.0,
      "instances": 1,
      "healthChecks": [{
        "path": "/",
        "portIndex": 0,
        "protocol": "HTTP",
        "gracePeriodSeconds": 30,
        "intervalSeconds": 10,
        "timeoutSeconds": 20,
        "maxConsecutiveFailures": 3
      }],
      "dependencies": ["/drupal-8/mysql"]
    }
  ]
}
