{
  "Version": "2012-10-17",
  "Statement": [
    {
      "Sid": "Stmt1433450536000",
      "Effect": "Allow",
      "Action": [
        "ec2:AttachInternetGateway",
        "ec2:AttachVolume",
        "ec2:AuthorizeSecurityGroupIngress",
        "ec2:CreateInternetGateway",
        "ec2:CreateRoute",
        "ec2:CreateRouteTable",
        "ec2:CreateSecurityGroup",
        "ec2:CreateSubnet",
        "ec2:CreateTags",
        "ec2:CreateVolume",
        "ec2:CreateVpc",
        "ec2:DeleteInternetGateway",
        "ec2:DeleteKeyPair",
        "ec2:DeleteRouteTable",
        "ec2:DeleteSecurityGroup",
        "ec2:DeleteSubnet",
        "ec2:DeleteVolume",
        "ec2:DeleteVpc",
        "ec2:DescribeImages",
        "ec2:DescribeInstances",
        "ec2:DescribeInternetGateways",
        "ec2:DescribeKeyPairs",
        "ec2:DescribeNetworkAcls",
        "ec2:DescribeRouteTables",
        "ec2:DescribeSecurityGroups",
        "ec2:DescribeSubnets",
        "ec2:DescribeVolumes",
        "ec2:DescribeVpcAttribute",
        "ec2:DescribeVpcs",
        "ec2:DetachInternetGateway",
        "ec2:DetachVolume",
        "ec2:ImportKeyPair",
        "ec2:ModifyInstanceAttribute",
        "ec2:ModifyVpcAttribute",
        "ec2:ReplaceRouteTableAssociation",
        "ec2:RevokeSecurityGroupEgress",
        "ec2:RunInstances",
        "ec2:TerminateInstances"
      ],
      "Resource": [
        "*"
      ]
    }
  ]
}
